Amon Tentacle DGround Slam Delay Shows AoE Create Persistent	裂世-地面单位裂地延迟ShowsAoE创建持续
ArbiterMP Cloaking Field (Apply)	仲裁者-隐形力场应用
ArbiterMP Cloaking Field (Search)	仲裁者-隐形力场搜索
ArbiterMP Recall (Search)	召回-搜索
ArbiterMP Recall (Set)	召回-设置
ArbiterMP Recall (Teleport)	召回-传送
ArbiterMP Stasis Field (Apply)	静滞力场-应用
ArbiterMP Stasis Field (Search)	静滞力场-搜索
ArbiterMP Stasis Field (Set)	静滞力场-设置
ArbiterMP Stasis Field Timer (Apply)	静滞力场-计时器应用
Auto Harvest Vespene 4	自动采集瓦斯4
Caustic Level 1 Damage	腐蚀性-等级1伤害
Caustic Level 2 Damage	腐蚀性-等级2伤害
Caustic Spray Level 1 Launch Missile	腐蚀喷液-等级1发射导弹
Caustic Spray Level 1 Persistent	腐蚀喷液-等级1持续
Caustic Spray Level 2 Launch Missile	腐蚀喷液-等级2发射导弹
Caustic Spray Level 2 Persistent	腐蚀喷液-等级2持续
Creep Tumor Used	菌毯肿瘤已使用
Endless Swarm 1	无尽虫群1
Endless Swarm 1 CU	无尽虫群1-CU
Endless Swarm 1 RB	无尽虫群1-RB
Endless Swarm 2	无尽虫群2
Endless Swarm 2 CU	无尽虫群2-CU
Endless Swarm 2 RB	无尽虫群2-RB
Endless Swarm 3	无尽虫群3
Endless Swarm 3 CU	无尽虫群3-CU
Endless Swarm 3 RB	无尽虫群3-RB
Endless Swarm 4	无尽虫群4
Endless Swarm 4 CU	无尽虫群4-CU
Endless Swarm 4 RB	无尽虫群4-RB
Endless Swarm 5	无尽虫群5
Endless Swarm 5 CU	无尽虫群5-CU
Endless Swarm 5 RB	无尽虫群5-RB
Energy Arc Tower 1 (Damage)	能量-弧塔1伤害
Energy Arc Tower 1 (Persistent Delay)	能量-弧塔1持续延迟
Energy Arc Tower 1 (Search)	能量-弧塔1搜索
Energy Arc Tower 1 (Set)	能量-弧塔1设置
Energy Arc Tower 2 (Damage)	能量-弧塔2伤害
Energy Arc Tower 2 (Persistent Delay)	能量-弧塔2持续延迟
Energy Arc Tower 2 (Search)	能量-弧塔2搜索
Energy Arc Tower 2 (Set)	能量-弧塔2设置
Energy Arc Tower 3 (Damage)	能量-弧塔3伤害
Energy Arc Tower 3 (Set)	能量-弧塔3设置
Energy Nova DoT Aiur06 Damage	能量新星-执行T艾尔06伤害
Energy Nova DoT Aiur06 Persistent	能量新星-执行T艾尔06持续
Energy Nova DoT Aiur06 Search	能量新星-执行T艾尔06搜索
Extend Bridge Extending Bridge NE Wide 10 Out	延伸桥梁 向东北伸展桥梁 宽度10 结束
Extend Bridge Extending Bridge NE Wide 12 Out	延伸桥梁 向东北伸展桥梁 宽度12 结束
Extend Bridge Extending Bridge NE Wide 8 Out	延伸桥梁 向东北伸展桥梁 宽度8 结束
Extend Bridge Extending Bridge NW Wide 10 Out	延伸桥梁 向东北伸展桥梁 宽度10 结束
Extend Bridge Extending Bridge NW Wide 12 Out	延伸桥梁 向东北伸展桥梁 宽度12 结束
Extend Bridge Extending Bridge NW Wide 8 Out	延伸桥梁 向东北伸展桥梁 宽度8 结束
FenixSOA Charge	震慑冲锋
FenixSOA Charge Stun Caster Remove	震慑冲锋-眩晕施法者移除
FenixSOA Charge Stun Search	震慑冲锋-眩晕搜索
FenixSOA Charge Stun Target	震慑冲锋-眩晕目标
FenixSOA Create Unit	菲尼克斯-创建单位
FenixSOA Weapon Damage	净化者之刃-伤害
FenixSOA Weapon Set	净化者之刃-设置
Flash Freeze Level 0 (Apply Behavior)	寒冰期-应用行为
Flash Freeze Level 0 (Initial Set)	寒冰期-初始设置
Flash Freeze Level 0 (Remove Behavior)	寒冰期-移除行为
Flash Freeze Level 1 (Initial Set)	寒冰期-初始设置
Flash Freeze Level 1 (Remove Behavior)	寒冰期-移除行为
Flash Freeze Level 1(Apply Behavior)	寒冰期-应用行为
Flash Freeze Level 2 (Apply Behavior)	寒冰期-应用行为
Flash Freeze Level 2 (Initial Set)	寒冰期-初始设置
Flash Freeze Level 2 (Remove Behavior)	寒冰期-移除行为
Flash Freeze Level 3 (Apply Behavior)	寒冰期-应用行为
Flash Freeze Level 3 (Damage)	寒冰期-伤害
Flash Freeze Level 3 (Initial Set)	寒冰期-初始设置
Flash Freeze Level 3 (Remove Behavior)	寒冰期-移除行为
Game Time Greater than 5 Seconds	游戏时间大于5秒
Gun Tower B LM	作战指挥中心-BLM
Gun Tower C LM	作战指挥中心-CLM
Gun Tower D LM	作战指挥中心-DLM
HotS Baneling Healer Dummy	高温-S爆虫治疗者假人
HotS Leviathan Weapon1 AB	虫群之心利维坦 武器1-施加行为
HotS Leviathan Weapon1 RB	虫群之心利维坦 武器1-RB
HotS Leviathan Weapon2 AB	虫群之心利维坦 武器2-施加行为
HotS Leviathan Weapon2 RB	虫群之心利维坦 武器2-RB
HotS Leviathan Weapon3 AB	虫群之心利维坦 武器3-施加行为
HotS Leviathan Weapon3 RB	虫群之心利维坦 武器3-RB
HotS Leviathan Weapon4 AB	虫群之心利维坦 武器4-施加行为
HotS Leviathan Weapon4 RB	虫群之心利维坦 武器4-RB
HotS Raptor Charge LM	跳跃-发射弹道
HotS Splitterling Death Big	虫群之心分裂虫死亡大型
HotS Splitterling Suicide Remove Buff	高温-S分裂虫自杀-移除增益
HotS Splitterling Suicide Target Friendly Switch	高温-S分裂虫自杀-目标友好切换
HotS Splitterling Volatile Burst Building Damage Big	高温-S分裂虫不稳定爆裂伤害大
HotS Splitterling Volatile Burst Building Switch	高温-S分裂虫不稳定爆裂切换
HotS Splitterling Volatile Burst Friendly Building Switch	高温-S分裂虫烈性爆弹友好正在建造切换
HotS Splitterling Volatile Burst Friendly Unit Switch	高温-S分裂虫烈性爆弹友好单位切换
HotS Splitterling Volatile Burst Set	高温-S分裂虫烈性爆弹设置
HotS Splitterling Volatile Burst Unit Damage Big	高温-S分裂虫烈性爆弹单位伤害大
HotS Splitterling Volatile Burst Unit Switch	高温-S分裂虫烈性爆弹单位切换
HotS Splitterling Volatile Burst Viscous Discharge Apply Behavior	高温-S分裂虫烈性爆弹恶毒喷吐应用行为
HotS Splitterling Volatile Burst Viscous Discharge Search	高温-S分裂虫烈性爆弹恶毒喷吐搜索
HybridC Damage	灵能冲击-伤害
HybridF Plasma Blast Damage	等离子冲击波-伤害
HybridF Plasma Blast Launch Missile	等离子冲击波-发射导弹
Hyperion Korhal Out Of Combat 2 AB	休伯利安号克哈 脱离战斗2-施加行为
Hyperion Korhal Regen	休伯利安号克哈 恢复
Kerrigan Ability Efficiency	凯瑞甘技能专精
Kerrigan Void Coop Econ Drop 1 Achievement Behavior	资源拾取-成就行为
Kerrigan Void Coop Econ Drop 1 Pickup	资源拾取-拾取
Kerrigan Void Coop Econ Drop 1 Pickup Set	资源拾取-拾取设置
Kerrigan Void Coop Econ Drop 1 Set	资源拾取-设置
Kerrigan Void Coop Econ Drop 2 Achievement Behavior	资源拾取-成就行为
Kerrigan Void Coop Econ Drop 2 Pickup	资源拾取-拾取
Kerrigan Void Coop Econ Drop 2 Pickup Set	资源拾取-拾取设置
Kerrigan Void Coop Econ Drop 2 Set	资源拾取-设置
Kerrigan Void Coop Econ Drop 3 Achievement Behavior	资源拾取-成就行为
Kerrigan Void Coop Econ Drop 3 Pickup	资源拾取-拾取
Kerrigan Void Coop Econ Drop 3 Pickup Set	资源拾取-拾取设置
Kerrigan Void Coop Econ Drop 3 Set	资源拾取-设置
Kerrigan Void Coop Econ Drop 4 Achievement Behavior	资源拾取-成就行为
Kerrigan Void Coop Econ Drop 4 Pickup	资源拾取-拾取
Kerrigan Void Coop Econ Drop 4 Pickup Set	资源拾取-拾取设置
Kerrigan Void Coop Econ Drop 4 Set	资源拾取-设置
Kerrigan Void Coop Econ Drop 5 Achievement Behavior	资源拾取-成就行为
Kerrigan Void Coop Econ Drop 5 Pickup	资源拾取-拾取
Kerrigan Void Coop Econ Drop 5 Pickup Set	资源拾取-拾取设置
Kerrigan Void Coop Econ Drop 5 Set	资源拾取-设置
Kerrigan Void Coop Econ Drop 6 Set	凯瑞甘-合作经济投放6设置
Lightning Shooter	闪电射击者
Locust Create LM A	蝗虫-创建LMA
Locust Create LM B	蝗虫-创建LMB
Locust Creeper Create LM A	蝗虫-菌毯创建LMA
Locust Creeper Create LM B	蝗虫-菌毯创建LMB
Locust Flying Create LM A	蝗虫-创建LMA
Locust Flying Create LM B	蝗虫-创建LMB
Locust MP Create LM A	蝗虫-创建LMA
Locust MP Create LM B	蝗虫-创建LMB
Locust MP LM	蝗虫-MPLM
Locust Timed Life	蝗虫限时生命
Mengsk BC A Damage	空对空激光炮组-伤害
Mengsk BC A LM	蒙斯克-BCALM
Mengsk BC G Damage	空对地激光炮组-伤害
Mengsk BC G LM	蒙斯克-BCGLM
Mengsk Goliath A LM	布瓦克连队-ALM
Mengsk Thor 250mm Strike Cannons Apply Behavior	250毫米口径弹幕火炮-应用行为
Mengsk Thor 250mm Strike Cannons Create Persistent	250毫米口径弹幕火炮-创建持续
Mengsk Thor 250mm Strike Cannons Damage	250毫米口径弹幕火炮-伤害
Mengsk Thor 250mm Strike Cannons Dummy	250毫米口径弹幕火炮-假人
Mengsk Thor 250mm Strike Cannons Set	250毫米口径弹幕火炮-设置
Mitosaurus B LM	毒裂兽-BLM
Mitosaurus C LM	毒裂兽-CLM
Morph To Tech Reactor	搭建为科技反应堆
Mothership Aiur 06 Beam Damage	母舰-射线伤害
Mothership Aiur 06 Beam Dummy	母舰-射线假人
Mothership Aiur 06 Beam Persistent	母舰-射线持续
Mothership Aiur 06 Beam Set	母舰-射线设置
Mothership Aiur 06 Planet Cracker Damage	母舰-行星碎裂炮 伤害
Mothership Aiur 06 Planet Cracker Search Area	母舰-行星碎裂炮 搜索区域
Mothership Aiur 06 Secondary Beam Persistent	母舰-副射线持续
MothershipCore Teleport	传送
Narud Epilogue Spawn Shade of Narud Create Unit	召唤虚空撕裂者-创建单位
Pickup EX2 Gas 100	拾取-EX2瓦斯100
Pickup EX2 Gas 200	拾取-EX2瓦斯200
Pickup EX2 Gas 25	拾取-EX2瓦斯25
Pickup EX2 Gas 50	拾取-EX2瓦斯50
Pit Alarak Shield Regen Dummy Damage 2	灵能光环-假人伤害2
Pit Malash Fight LM AB	马拉什-战斗LMAB
Pit Malash Shield Regen Dummy Damage 2	马拉什-盾恢复-假人伤害2
Primal Egg Power 1 (Damage)	原始虫卵能量1-伤害
Primal Egg Power 1 (Heal)	原始虫卵能量1-治疗
Queen Burst Heal	虫后爆发治疗
Queen Channel LM B	虫后引导-LMB
Queen Channel LM C	虫后引导-LMC
Reaper KD8 Knockback PH LM	收割者-KD8击退PHLM
Repulser Field 10 (Search Area)	斥力场(10)-搜索区域
Repulser Field 12 (Search Area)	斥力场(12)-搜索区域
Repulser Field 6 (Search Area)	斥力场(6)-搜索区域
Repulser Field 8 (Search Area)	斥力场(8)-搜索区域
SJ Hyperion Blink	休伯利安号闪现
SJ Hyperion Fighters Charge Refund	休伯利安号战斗机费用退还
SJ Hyperion Ion Thrusters	休伯利安号离子推进器
SJ Merc AATower LM	天条之塔-发射弹道
SOA Mothership v4 Beam Damage	母舰-射线伤害
SOA Mothership v4 Beam Dummy	母舰-射线假人
SOA Mothership v4 Beam Persistent	母舰-射线持续
SOA Mothership v4 Beam Set	母舰-射线设置
SOA Mothership v4 Secondary Beam Persistent	母舰-副射线持续
SOA Mothership v4 Warp Away AB	母舰-折跃远离-施加行为
SOAWarp In Reinforcements	正在折跃
Scout Air	反物质飞弹
Scout Air LM Left	反物质飞弹-发射弹道左
Scout Air LM Right	反物质飞弹-发射弹道右
Scout Air U	反物质飞弹-U
Scout Ground	光子冲击炮
Scryer Create Persistent 0 Dot 5	预言-创建持续0Dot5
Scryer Create Persistent 1 Dot 0	预言-创建持续1持续伤害0
Scryer Create Persistent 1 Dot 5	预言-创建持续1Dot5
Scryer Create Persistent 2 Dot 0	预言-创建持续2持续伤害0
Scryer Create Persistent 2 Dot 5	预言-创建持续2Dot5
Scryer Create Persistent 3 Dot 0	预言-创建持续3持续伤害0
Shrine Guardian Anti Grav	圣坛守护者反重力
SoA Super Power Field AB	故-A超级能量场施加行为
SoA Super Power Field Powered AB	故-A超级能量场已供能施加行为
SoA Super Power Field Powered Search	故-A超级能量场已供能搜索
SoA Super Power Field Restore Shields	故-A超级能量场恢复护盾
SoA Super Power Field Search	故-A超级能量场搜索
Spear of Adun AOE Blast (Damage)	Spearof-阿顿AOE爆破伤害
Spear of Adun AOE Blast (Search)	Spearof阿顿AOE爆破搜索
Spear of Adun Line AOE (Damage)	Spearof-阿顿线AOE伤害
Spear of Adun Line AOE (Dummy Damage)	Spearof-阿顿线AOE假人伤害
Spear of Adun Line AOE (Initial Persistent)	Spearof阿顿线AOE初始持续
Spear of Adun Line AOE (Persistent)	Spearof阿顿线AOE持续
Spear of Adun Line AOE (Search)	Spearof阿顿线AOE搜索
Spear of Adun Line AOE (Set)	Spearof阿顿线AOE设置
Spear of Adun Single Target (Damage)	Spearof-阿顿单人目标伤害
Spear of Adun Single Target (Launch Missile)	Spearof阿顿单人目标发射导弹
Suicide	自杀
Supply 1 RB	补给1-RB
Supply 1 Set	补给1设置
Supply 2 RB	补给2-RB
Supply 2 Set	补给2设置
Supply 3 RB	补给3-RB
Supply 3 Set	补给3设置
Supply 4 RB	补给4-RB
Supply 4 Set	补给4设置
Supply 5 RB	补给5-RB
Supply 5 Set	补给5设置
Supply 6 RB	补给6-RB
Supply 6 Set	补给6设置
Swarm Host Egg Animation MP AB	虫群宿主虫卵动画-MPAB
TornadoMissile CP	龙卷风导弹-CP
TychusSpectreExtendedPulseGun	泰凯斯幽魂延伸脉冲枪
TychusSpectreSuperUltrasonicPulse	泰凯斯幽魂超级超声波脉冲
TychusWarhoundAutoTurretTimedLife	泰凯斯战狼自动炮塔定时生命
Warbot B LM	武装机器人-BLM
Warbot C	防暴汽油弹
Warbot C CP	武装机器人-CCP
Warbot C E	武装机器人-CE
Zagara Void Coop Transfusion Wave 1 Delay	扎加拉-哺液波次1延迟
Zagara Void Coop Transfusion Wave 1 Search	扎加拉-哺液波次1搜索
Zagara Void Coop Transfusion Wave 2 Delay	扎加拉-哺液波次2延迟
Zagara Void Coop Transfusion Wave 2 Search	扎加拉-哺液波次2搜索
Zagara Void Coop Transfusion Wave 3 Delay	扎加拉-哺液波次3延迟
Zagara Void Coop Transfusion Wave 3 Search	扎加拉-哺液波次3搜索
Zagara Void Coop Transfusion Wave 4 Delay	扎加拉-哺液波次4延迟
Zagara Void Coop Transfusion Wave 4 Search	扎加拉-哺液波次4搜索
Zagara Void Coop Transfusion Wave Set 1	哺液洪流-设置1
Zagara Void Coop Transfusion Wave Set 2	哺液洪流-设置2
Zagara Void Coop Transfusion Wave Set 3	哺液洪流-设置3
Zagara Void Coop Transfusion Wave Set 4	哺液洪流-设置4
Zagara Void Coop Transfusion Wave Set 5	哺液洪流-设置5
Zenith Stone Death Search 1	泽尼斯巨石-死亡搜索1
Zenith Stone Death Search 2	泽尼斯巨石-死亡搜索2
Zenith Stone Death Search 3	泽尼斯巨石-死亡搜索3
ZeratulReflectionShieldApplyBehaviorMarker	泽拉图反射护盾应用行为标记
Zerg Building Spawn Broodling 6	异虫-正在建造孵化Broodling6
Zerg Building Spawn Broodling 6 (Delay)	异虫-正在建造孵化Broodling6延迟
Zerg Building Spawn Broodling 9	异虫-正在建造孵化Broodling9
Zerg Building Spawn Broodling 9 (Delay)	异虫-正在建造孵化Broodling9延迟
